Cluster,Distance,Lead_Time,Sales,Profit_Margin
0,1621.8233628557925,1284.2453987730062,49.48312883435583,25.082586125530913
1,1334.3850021690387,1638.835064935065,13.19582683982684,67.09980938468073
2,1175.1078678505075,1144.0470095988187,13.126857002215111,66.87745670829764
3,3257.5559359637223,1318.0311645708036,13.641634773100055,67.58667166187598
